{
  "total_test_cases": 3,
  "text_metrics": {
    "avg_rouge1_f1": 0.9074074074074074,
    "avg_rouge2_f1": 0.1111111111111111,
    "avg_rougeL_f1": 0.9074074074074074,
    "avg_bleu4": 0.6041937502179402
  },
  "numeric_metrics": {
    "avg_accuracy": 22.40740740740741,
    "min_accuracy": 0.0,
    "max_accuracy": 52.63888888888889
  }
}